model,trained_on,tested_on,auc,acc,f1
shipped RF (as deployed),PhiUSIIL-train,PhiUSIIL-test,0.8678853879779357,0.8464980173455756,0.7888950453471757
shipped RF (as deployed),PhiUSIIL-train,QR-test,0.5014070337819407,0.46332980492968395,0.424330900243309
lexical HistGB,PhiUSIIL-train,PhiUSIIL-test,0.8895188999365709,0.8558705655336203,0.8096131761015097
lexical HistGB,PhiUSIIL-train,QR-test,0.4942524930767132,0.47542718887040675,0.464577866954777
lexical HistGB,QR-train,PhiUSIIL-test,0.6723727001563075,0.4657011387009903,0.5703176958100987
lexical HistGB,QR-train,QR-test,0.7662049755199978,0.6974141841826705,0.7615870368163946
char-ngram full URL,PhiUSIIL-train,PhiUSIIL-test,0.9498992575408955,0.9108335630526516,0.8881023976156897
char-ngram full URL,PhiUSIIL-train,QR-test,0.6260426539188808,0.5746257371843339,0.7148504815002534
char-ngram full URL,QR-train,PhiUSIIL-test,0.7965179801708118,0.6491019741724803,0.6702928870292887
char-ngram full URL,QR-train,QR-test,0.965034419946463,0.8896113715409043,0.9035667107001321
