feature_set,model,trained_on,tested_on,auc,acc,f1
lexical(domain),LogReg,PhiUSIIL-train,PhiUSIIL-test,0.9014002685743197,0.8846455607625268,0.848947631476648
lexical(domain),LogReg,PhiUSIIL-train,QR-test,0.9072409951039996,0.7352185089974294,0.7887052009170991
lexical(domain),RandomForest,PhiUSIIL-train,PhiUSIIL-test,0.9139663926359383,0.8930638902436439,0.8616271093428454
lexical(domain),RandomForest,PhiUSIIL-train,QR-test,0.8653292433159654,0.7520036292151823,0.798575288626873
lexical(domain),HistGB,PhiUSIIL-train,PhiUSIIL-test,0.9173745994310017,0.894230157552111,0.8615982241953385
lexical(domain),HistGB,PhiUSIIL-train,QR-test,0.9140626632578053,0.7536670195070316,0.8000490978274212
lexical(domain),LogReg,QR-train,PhiUSIIL-test,0.7737295672322214,0.7804448779660298,0.7261860686518221
lexical(domain),LogReg,QR-train,QR-test,0.964067055326192,0.9321034326326931,0.9352372710226453
lexical(domain),RandomForest,QR-train,PhiUSIIL-test,0.790491379452678,0.7533662715494391,0.7035706093738053
lexical(domain),RandomForest,QR-train,QR-test,0.9699858066842657,0.9402691667926811,0.9439795773649128
lexical(domain),HistGB,QR-train,PhiUSIIL-test,0.77978321399666,0.7443754108441655,0.694987728664322
lexical(domain),HistGB,QR-train,QR-test,0.9742239215160495,0.9352789959171329,0.939496748657054
lexical(domain),LogReg,PhiUSIIL+QR train,PhiUSIIL-test,0.9002961704146465,0.8719650543904663,0.8268723477463011
lexical(domain),LogReg,PhiUSIIL+QR train,QR-test,0.9171159367357222,0.8510509602298503,0.8679093469223549
lexical(domain),RandomForest,PhiUSIIL+QR train,PhiUSIIL-test,0.9098644423104885,0.8882715918488517,0.8540807001024675
lexical(domain),RandomForest,PhiUSIIL+QR train,QR-test,0.9257496798413307,0.8512021775291093,0.8683435911158683
lexical(domain),HistGB,PhiUSIIL+QR train,PhiUSIIL-test,0.914393508596268,0.8867448419177676,0.849375334893821
lexical(domain),HistGB,PhiUSIIL+QR train,QR-test,0.9237623844770433,0.8747920762135188,0.8866374589266156
char-ngram(full URL),SGD-LogReg,PhiUSIIL-train,PhiUSIIL-test,0.9991287156541245,0.9974978265018343,0.9970690511674118
char-ngram(full URL),SGD-LogReg,PhiUSIIL-train,QR-test,0.9963779767821397,0.6760925449871465,0.7727079796264855
char-ngram(full URL),SGD-LogReg,QR-train,PhiUSIIL-test,0.9946434613370831,0.9897580525456434,0.9879107951843416
char-ngram(full URL),SGD-LogReg,QR-train,QR-test,0.9993754016430959,0.9971268713140783,0.9973911849512563
char-ngram(full URL),SGD-LogReg,PhiUSIIL+QR train,PhiUSIIL-test,0.9991277459523998,0.9960983057316737,0.995422202318754
char-ngram(full URL),SGD-LogReg,PhiUSIIL+QR train,QR-test,0.9986716535906315,0.9950098291244518,0.9954738718968591
