degradation,level,decode_rate,decode_rate_benign,decode_rate_malicious,recovery_of_clean_decodable,same_url_rate,verdict_consistency,verdict_accuracy_vs_folder,n_images
clean,0.0,0.9535,0.9515,0.9555,1.0,1.0,1.0,0.5374934452018878,4000
blur_sigma,1.0,0.99125,0.992,0.9905,0.9973780807551127,1.0,1.0,0.5384615384615384,4000
blur_sigma,2.0,0.9945,0.992,0.997,0.9968536969061353,1.0,1.0,0.5384615384615384,4000
blur_sigma,4.0,0.6175,0.615,0.62,0.6190351337178814,1.0,1.0,0.5473684210526316,4000
blur_sigma,6.0,0.0,0.0,0.0,0.0,,,,4000
downscale_factor,0.75,0.987,0.9835,0.9905,0.9947561615102255,1.0,1.0,0.5382472137791287,4000
downscale_factor,0.5,0.987,0.9875,0.9865,0.9979024646040902,1.0,1.0,0.5382472137791287,4000
downscale_factor,0.35,0.987,0.9855,0.9885,0.9921342422653382,1.0,1.0,0.5382472137791287,4000
downscale_factor,0.25,0.82925,0.8235,0.835,0.8303618248557945,1.0,1.0,0.5387398251432017,4000
rotation_deg,5.0,0.9775,0.9675,0.9875,0.9819087572102779,1.0,1.0,0.5370843989769821,4000
rotation_deg,15.0,0.97625,0.9785,0.974,0.976140534871526,1.0,1.0,0.5382842509603073,4000
rotation_deg,30.0,0.9975,0.9985,0.9965,0.9973780807551127,1.0,1.0,0.537844611528822,4000
rotation_deg,45.0,0.98575,0.985,0.9865,0.9853172522286313,1.0,1.0,0.5381689069236621,4000
gaussian_noise_sigma,10.0,0.95975,0.9575,0.962,1.0,1.0,1.0,0.5368585569158635,4000
gaussian_noise_sigma,25.0,0.95275,0.9555,0.95,0.9868904037755637,1.0,1.0,0.5373917606927315,4000
gaussian_noise_sigma,50.0,0.10575,0.1055,0.106,0.10854745673833247,1.0,1.0,0.5602836879432624,4000
gaussian_noise_sigma,80.0,0.00125,0.001,0.0015,0.001048767697954903,1.0,1.0,0.8,4000
jpeg_quality,50.0,0.953,0.9515,0.9545,0.9989512323020451,1.0,1.0,0.5377754459601259,4000
jpeg_quality,20.0,0.95475,0.952,0.9575,0.9986890403775563,1.0,1.0,0.5380989787902593,4000
jpeg_quality,10.0,0.961,0.962,0.96,0.9984268484530676,1.0,1.0,0.5372008324661811,4000
jpeg_quality,5.0,0.96525,0.9665,0.964,0.9994756161510225,1.0,1.0,0.537943537943538,4000
contrast_alpha,0.5,0.9585,0.958,0.959,0.9992134242265338,1.0,1.0,0.5370370370370371,4000
contrast_alpha,0.3,0.96025,0.9595,0.961,0.9986890403775563,1.0,1.0,0.5370997136162458,4000
contrast_alpha,0.15,0.961,0.9605,0.9615,0.9979024646040902,1.0,1.0,0.5372008324661811,4000
contrast_alpha,0.08,0.96175,0.963,0.9605,0.9963293130571579,1.0,1.0,0.537561736417988,4000
occlusion_area,0.02,0.9555,0.955,0.956,0.9994756161510225,1.0,1.0,0.5379382522239665,4000
occlusion_area,0.05,0.95675,0.956,0.9575,0.9981646565285789,1.0,1.0,0.5385419388555004,4000
occlusion_area,0.1,0.0175,0.015,0.02,0.018091242789722076,1.0,1.0,0.5428571428571428,4000
occlusion_area,0.2,0.0,0.0,0.0,0.0,,,,4000
